"1","QeMmxFKXScTQcJujtKAZf4mY","サムネイル２ornament spectacl.jpg","image/jpeg","{""identified"":true,""width"":270,""height"":60,""analyzed"":true}","36450","278e1Lm/MZgJb4KWiIXNgA==","2020-03-13 04:22:20"
"2","aR4wDURun2qPNgE9A3jNcQcK","サムネイルornament spectacl.jpg","image/jpeg","{""identified"":true,""width"":270,""height"":106,""analyzed"":true}","41279","Cc9PztOZplJv5zYkctGgdA==","2020-03-13 04:22:20"
"3","ZJJJhDtkcaPqvi8RTfwRFpeh","ob4.jpg","image/jpeg","{""identified"":true,""width"":2193,""height"":1471,""analyzed"":true}","2103320","UeTK3xqAh3rNrK9lECSu8w==","2020-03-13 05:15:37"
"4","HwpRmcF8iT8XAdK7LzjkhyRq","os5.jpg","image/jpeg","{""identified"":true,""width"":2592,""height"":1728,""analyzed"":true}","2220727","Zsz69RbRh0wrdvjRfC5JXg==","2020-03-13 05:15:37"
"5","ocvScSaGaoRU3PWX2gKzhHZ1","os3.jpg","image/jpeg","{""identified"":true,""width"":2592,""height"":1728,""analyzed"":true}","2299998","FRIp2PcJ5F8+9ryvas+YHA==","2020-03-13 05:15:37"
"6","GzAzvcj84YUnNcfs7HToiKam","os.jpg","image/jpeg","{""identified"":true,""width"":2514,""height"":992,""analyzed"":true}","1358414","ohiYkFOaQZeEN0KoQQqcAg==","2020-03-13 05:15:37"
"7","32GADfBQnaXG6eshmY1RtV92","_MG_3111.jpg","image/jpeg","{""identified"":true,""width"":4268,""height"":2903,""analyzed"":true}","2408334","KrjZSWLfmq860FzKRl0Mvw==","2020-03-13 05:16:34"
"8","Hpkkmh3pNjsCeLfakVZmKXat","_MG_3116.jpg","image/jpeg","{""identified"":true,""width"":5079,""height"":3386,""analyzed"":true}","3359752","cC1fFbKyAV4KSfUbyKdCiQ==","2020-03-13 05:16:35"
"9","WMt68sWkyoVgBkHxfhsFqrxa","サムネイル２ornament spectacl.jpg","image/jpeg","{""identified"":true,""width"":270,""height"":60,""analyzed"":true}","36450","278e1Lm/MZgJb4KWiIXNgA==","2020-03-13 10:43:43"
"28","AXV8wa5vp7ixWnEtLKbqoHUn","一葉一環ポートフォリオ用web.jpg","image/jpeg","{""identified"":true,""width"":1200,""height"":666,""analyzed"":true}","334740","7Rplbre5MJmHWdweQ9P8Vg==","2020-03-18 08:28:01"
"29","Gbgm2ZjLGMZm1FuPkgykL6nJ","一葉一環ポートフォリオ用web.jpg","image/jpeg","{""identified"":true,""width"":1200,""height"":666,""analyzed"":true}","334740","7Rplbre5MJmHWdweQ9P8Vg==","2020-03-18 08:28:01"
"30","FCEByM49iuJ3K42Ur67UfQmH","一葉一環サクラweb2.jpg","image/jpeg","{""identified"":true,""width"":1000,""height"":1500,""analyzed"":true}","545216","IC/4HJyu2gH2UupSS6CGnQ==","2020-03-18 08:28:01"
"31","jx7bmoMM9FtnairBuGTB85Zg","一葉一環どんぐりとアイビーweb.jpg","image/jpeg","{""identified"":true,""width"":1200,""height"":800,""analyzed"":true}","335473","Q4L2MJ6UpieXuaMfWYKNdA==","2020-03-18 08:28:01"
"32","83721cCT9cHkD1C71pjBYQFQ","一葉一環アイビーweb.jpg","image/jpeg","{""identified"":true,""width"":1000,""height"":1500,""analyzed"":true}","509284","Zehym7gQ1k30+caztw+2yg==","2020-03-18 08:28:01"
"33","v7oMFQSmK2F5kjSQoqe2pP29","一葉一環どんぐり34web.jpg","image/jpeg","{""identified"":true,""width"":1000,""height"":1500,""analyzed"":true}","546680","KPBxiSeAA+3pcEiC8isEyg==","2020-03-18 08:28:01"
"34","hQNr3cMGrKkjFuWhaa9rGUm8","一葉一環どんぐり21web.jpg","image/jpeg","{""identified"":true,""width"":1200,""height"":1800,""analyzed"":true}","689907","A5A3m83RywRhwe11ZzJNVw==","2020-03-18 08:28:01"
"35","G9SoJ9WQ6ijCitFS8arnr21H","一葉一環どんぐり21centerweb.jpg","image/jpeg","{""identified"":true,""width"":1000,""height"":1500,""analyzed"":true}","460000","1B5H4QfWsmsQ8w4XqcvKwg==","2020-03-18 08:28:01"
"36","Sr79VimECKUysjUCZ73LcKsU","サムネイル２ornament spectacl.jpg","image/jpeg","{""identified"":true,""width"":270,""height"":60,""analyzed"":true}","36450","278e1Lm/MZgJb4KWiIXNgA==","2020-03-18 08:35:29"
"37","HJLSigz6K2cVmonCMkfS4hxG","osweb1.jpg","image/jpeg","{""identified"":true,""width"":1000,""height"":395,""analyzed"":true}","61226","/4LaGqN5fJhXRladNjjHlA==","2020-03-18 08:35:29"
"38","yJswU9iuUfbstFcD9k4WosVh","osweb3.jpg","image/jpeg","{""identified"":true,""width"":1000,""height"":667,""analyzed"":true}","130246","q9TRrL4lUYCyHgPEHqJm6Q==","2020-03-18 08:35:29"
"39","kZypviuYS3BqKL1kAFcFAoHP","osweb5.jpg","image/jpeg","{""identified"":true,""width"":1000,""height"":667,""analyzed"":true}","132687","vFzknD2LqMMw9sLEQG404w==","2020-03-18 08:35:29"
"40","nQ9KMtFnzZHrvZvbSrduimvx","obweb4.jpg","image/jpeg","{""identified"":true,""width"":1000,""height"":671,""analyzed"":true}","140600","/IageWYL9F/yQvIEVgXlbg==","2020-03-18 08:35:29"
"41","Wm4LpLh7fXHMsPAEoWSiVW7w","osweb2.jpg","image/jpeg","{""identified"":true,""width"":1000,""height"":667,""analyzed"":true}","217735","sk902weg0h5HB35949V3vQ==","2020-03-18 08:35:29"
"42","oz5xj2QGUcG6rXDmgawqdpy9","osweb6.jpg","image/jpeg","{""identified"":true,""width"":1000,""height"":667,""analyzed"":true}","150864","ydbVm9KrwiekNowF0IQqnA==","2020-03-18 08:35:29"
"43","Ts6QC7FNb8NFLfJzgWw4akHD","自然学のレッスンweb.jpg","image/jpeg","{""identified"":true,""width"":686,""height"":1172,""analyzed"":true}","198304","IOG9W9yQSYBMHpCmEjeaUg==","2020-03-19 06:01:47"
"44","7u2kjqCrrQBnhhAxYUM6zkyR","自然学のレッスンweb.jpg","image/jpeg","{""identified"":true,""width"":686,""height"":1172,""analyzed"":true}","198304","IOG9W9yQSYBMHpCmEjeaUg==","2020-03-19 06:01:47"
"45","4pCeVdMSNsMxMBSJnrrjMbAR","サムネ自然学のレッスンweb.jpg","image/jpeg","{""identified"":true,""width"":686,""height"":137,""analyzed"":true}","56848","UVOzlYsico75jmnGP/lqWg==","2020-03-19 06:03:57"
"46","RvUzvPzD6JJ8uy4fMRQTYmyT","自然学のレッスンweb.jpg","image/jpeg","{""identified"":true,""width"":686,""height"":1172,""analyzed"":true}","198304","IOG9W9yQSYBMHpCmEjeaUg==","2020-03-19 06:03:57"
"47","Khxhe61px28BWoncY1WR9Pak","サムネ無名の眼差し全体ポートフォリオ2.jpg","image/jpeg","{""identified"":true,""width"":518,""height"":104,""analyzed"":true}","42280","kAj28Z06/vMAKOuc+W94MQ==","2020-03-19 06:09:50"
"48","yQT4pV8Zt91LGXwoCD1ptnEo","web無名の眼差し全体ポートフォリオ.jpg","image/jpeg","{""identified"":true,""width"":595,""height"":397,""analyzed"":true}","72287","5zngJJxBpOoZeQUWNp+mPA==","2020-03-19 06:09:50"
"49","C1Y6fCUVrgX4G3nPWY9t9Mnd","web無名の眼差し全体ポートフォリオ2.jpg","image/jpeg","{""identified"":true,""width"":595,""height"":397,""analyzed"":true}","76127","rsYs0lswFzc882aXv7m1Og==","2020-03-19 06:09:50"
"50","FnJX4mUcFZYZAJbWwWu47K1w","web無名の眼差し(og3)1.jpg","image/jpeg","{""identified"":true,""width"":595,""height"":619,""analyzed"":true}","84771","inAkfhvhM5bEhbX7GuK2LA==","2020-03-19 06:09:50"
"51","bY1K76HioXH4x7GWHgJjye5o","web無名の眼差し(og2)2.jpg","image/jpeg","{""identified"":true,""width"":595,""height"":531,""analyzed"":true}","67322","xPY/k+tBpcu8zx4vOSW0bg==","2020-03-19 06:09:50"
"52","gsykHKRd2WtB61MFwZXTP53v","web無名の眼差し(og1)1.jpg","image/jpeg","{""identified"":true,""width"":595,""height"":568,""analyzed"":true}","69275","qNMxWCF82CGNYbTsvCpH5Q==","2020-03-19 06:09:50"
"53","5Z6K47MykEhhDnQ6s29AqMF9","サムネweb装飾の億土縄文植物フルクタル全体.jpg","image/jpeg","{""identified"":true,""width"":1000,""height"":200,""analyzed"":true}","55399","b/K+YMn/sebbsvkmgE+U7w==","2020-03-19 06:20:31"
"54","NxgVPMx6Lmmoyp1eqL9CgQkM","web装飾の億土縄文植物フルクタル全体.jpg","image/jpeg","{""identified"":true,""width"":1000,""height"":400,""analyzed"":true}","54918","9CdqGEY2gI1e1oNXB8Y71Q==","2020-03-19 06:20:31"
"55","cDWBvsFuCSswKSpuPgiKTCHC","web装飾の億土縄文植物フルクタル1-0.jpg","image/jpeg","{""identified"":true,""width"":595,""height"":605,""analyzed"":true}","77773","5wQ4TXFn7+lJ+g50Tw+5lA==","2020-03-19 06:20:31"
"56","ueCcNnJkuFCBkKwo82Pmd7Xq","web装飾の億土縄文植物フルクタル3-0.jpg","image/jpeg","{""identified"":true,""width"":595,""height"":890,""analyzed"":true}","89704","Xhl8WzKW+jMegtYPJuHStg==","2020-03-19 06:20:31"
"57","mAbiuN3oDrTDbirvcUwJPyKH","web装飾の億土縄文植物フルクタル2-0.jpg","image/jpeg","{""identified"":true,""width"":595,""height"":587,""analyzed"":true}","91420","Rvq082YirdnTp22OZ7EVnw==","2020-03-19 06:20:31"
"58","RzQZMUhiYvt6J872Yob7GrWe","サムネweb装飾の億土ポートフォリオサイズ5.jpg","image/jpeg","{""identified"":true,""width"":1000,""height"":200,""analyzed"":true}","75375","diQ6WG2HrIa18NyTabES6g==","2020-03-19 06:25:05"
"59","Bn79d9W2EXKiifzxqBbaK5mb","web装飾の億土ポートフォリオサイズ.jpg","image/jpeg","{""identified"":true,""width"":1000,""height"":668,""analyzed"":true}","148147","Q5IhfiR9js6WVdGbwYirFQ==","2020-03-19 06:25:05"
"60","rPVeaAKCRJaa1jLV4hfRv7PN","web装飾の億土ポートフォリオサイズ3.jpg","image/jpeg","{""identified"":true,""width"":1000,""height"":668,""analyzed"":true}","108731","tdVpe0A9oQ5E4y5wm7nOKg==","2020-03-19 06:25:05"
"61","EFw5mKVhCnHwLxs8mprfNW9V","web装飾の億土ポートフォリオサイズ4.jpg","image/jpeg","{""identified"":true,""width"":1000,""height"":667,""analyzed"":true}","146495","6ZsqpQz05mafIcF9bsyI3A==","2020-03-19 06:25:05"
"62","FwCgUcPGmiKEPdGTCvEfbJLJ","サムネweb手紙小須戸2.jpg","image/jpeg","{""identified"":true,""width"":1000,""height"":200,""analyzed"":true}","58345","oGwVMEQKxhN0oa6VYqjNKA==","2020-03-19 06:44:56"
"63","CnD2xB4YWvc62xytqDj11SaM","web手紙小須戸2.jpg","image/jpeg","{""identified"":true,""width"":1000,""height"":667,""analyzed"":true}","122868","+bwpwIbViWf4CjyC0O1TCw==","2020-03-19 06:44:56"
"64","H9svKrRRFzvGZhRvnhqMEejZ","web手紙小須戸5.jpg","image/jpeg","{""identified"":true,""width"":1000,""height"":668,""analyzed"":true}","189383","y8PDrtBwfsqTorohj5LTnQ==","2020-03-19 06:44:56"
"65","xvDiYEFqQNbRM4z1cWuHxrYn","web手紙小須戸4.jpg","image/jpeg","{""identified"":true,""width"":1000,""height"":997,""analyzed"":true}","250898","ZUy1g015tQJuvCgOfF8bWg==","2020-03-19 06:44:56"
"66","odVgQitPekTBzWqSgsCtm3jn","web手紙小須戸3.jpg","image/jpeg","{""identified"":true,""width"":937,""height"":811,""analyzed"":true}","204195","/WXlTLfnAngZ9gvCX5Wcfw==","2020-03-19 06:44:56"
"67","jGw6aRbtTxVUYbTjKkyGRiXx","web残滓1.jpg","image/jpeg","{""identified"":true,""width"":1000,""height"":1500,""analyzed"":true}","144098","aezSqkffaOzjzpCnuPwFJQ==","2020-03-19 08:20:12"
"68","DEWrMnodbwcQPmQ82n5a7AQP","web残滓1.jpg","image/jpeg","{""identified"":true,""width"":1000,""height"":1500,""analyzed"":true}","144098","aezSqkffaOzjzpCnuPwFJQ==","2020-03-19 08:20:12"
"69","u8LvK9bg9dfErYs1Zv76Gx9e","web残滓2.jpg","image/jpeg","{""identified"":true,""width"":1000,""height"":655,""analyzed"":true}","58359","d2GHIztTph5K7fGCaWg95g==","2020-03-19 08:20:12"
"70","YVm9e4Vf1ySDmgsWHsYriTgu","refla1.jpg","image/jpeg","{""identified"":true,""width"":1631,""height"":1080,""analyzed"":true}","233127","LHhjn077duyXkJLorYwsrg==","2020-03-20 09:20:22"
"71","gzUHnEMEz6JMdqVxJiRjVMPw","webrefla1.jpg","image/jpeg","{""identified"":true,""width"":1000,""height"":662,""analyzed"":true}","108528","sIHKRaQHklWL1NlM437CUg==","2020-03-20 09:20:22"
"72","ri2JXGNHUKmSCcxNfb9N1sFs","webrefla2.jpg","image/jpeg","{""identified"":true,""width"":1000,""height"":662,""analyzed"":true}","65632","/8BLPmmR1bV4D923b5UFnA==","2020-03-20 09:20:22"
"73","eZdaXuK4YoLhMjrHyvfgRxKd","webrefla3.jpg","image/jpeg","{""identified"":true,""width"":1000,""height"":662,""analyzed"":true}","71351","9W/IGoi23201z3R5AsCESg==","2020-03-20 09:20:22"
"74","75tnRkrdzupj9rV2StHyKg7H","repla1.jpg","image/jpeg","{""identified"":true,""width"":1631,""height"":1080,""analyzed"":true}","294081","d/uU6EzSVPuJ7O1iankkVw==","2020-03-24 10:41:49"
"75","WopUXCd1RxF3buBvXWSGHxjb","webrepla2.jpg","image/jpeg","{""identified"":true,""width"":984,""height"":1028,""analyzed"":true}","155042","NYDJvIYQE6E/FKQWcmOUHA==","2020-03-24 10:41:49"
"76","MXWgyirn8K9L2gsr1GETCyQ6","webrepla1.jpg","image/jpeg","{""identified"":true,""width"":1000,""height"":662,""analyzed"":true}","145317","6jgoGxdM/1V9mqtXg/EBrw==","2020-03-24 10:41:49"
"77","Vfrm2RiHggpudcXzSCyGSwZ5","web育っていく断片.jpg","image/jpeg","{""identified"":true,""width"":1000,""height"":717,""analyzed"":true}","108838","kjeVxkBMuibzZdqSY+gTRg==","2020-03-24 10:43:26"
"78","G3xkX4ESCiJhYgb5GjPYH1Zh","web育っていく断片.jpg","image/jpeg","{""identified"":true,""width"":1000,""height"":717,""analyzed"":true}","108838","kjeVxkBMuibzZdqSY+gTRg==","2020-03-24 10:43:26"
"79","wLCwR1HVXEpBgVcvuoDCRNvc","web育っていく断片2.jpg","image/jpeg","{""identified"":true,""width"":1000,""height"":667,""analyzed"":true}","93837","CItcUyE3PjFtSiknZ7DkYg==","2020-03-24 10:43:26"
"80","c9QYWhr86MAh9gKGaXnBWZWm","1web裸の花テーブルと椅子.jpg","image/jpeg","{""identified"":true,""width"":1000,""height"":667,""analyzed"":true}","95938","1cf6jsljs95i84TUILTdxQ==","2020-03-24 10:46:14"
"81","QW6p8Mg5SU62N9d5DXn23mFV","1web裸の花テーブルと椅子.jpg","image/jpeg","{""identified"":true,""width"":1000,""height"":667,""analyzed"":true}","95938","1cf6jsljs95i84TUILTdxQ==","2020-03-24 10:46:14"
"82","LQXEeqtxhfqfiVAwsYazu6ov","2web裸の花テーブル.jpg","image/jpeg","{""identified"":true,""width"":1000,""height"":825,""analyzed"":true}","164391","CqrLY0vdzd40Wf9ev4wDbQ==","2020-03-24 10:46:14"
"83","GKEFX8h59idW2788MBWf5sKR","3web椅子花.jpg","image/jpeg","{""identified"":true,""width"":1064,""height"":1595,""analyzed"":true}","238086","i34HBSxMLmx/awv5ykHJDQ==","2020-03-24 10:46:14"
"84","7DJQuaXgLqhY4q2pyxknREBu","4web椅子花2.jpg","image/jpeg","{""identified"":true,""width"":1053,""height"":1581,""analyzed"":true}","225788","PPuZEktgQItikamQ+jzhJA==","2020-03-24 10:46:14"
"85","k7h89x7s1sBtm7ByGQqqa59E","webbourgeoiis2.jpg","image/jpeg","{""identified"":true,""width"":562,""height"":546,""analyzed"":true}","145042","/BRY0R7+ZWsi1yNZGahdrA==","2020-03-24 10:48:38"
"86","Qo7bA5EyWhUUL1fmGmbepMJD","webbourgeoiis2.jpg","image/jpeg","{""identified"":true,""width"":562,""height"":546,""analyzed"":true}","145042","/BRY0R7+ZWsi1yNZGahdrA==","2020-03-24 10:48:38"
"87","ViFPmctaiJgCaakhUCz3nzm3","webbourgeoiis2.jpg","image/jpeg","{""identified"":true,""width"":562,""height"":546,""analyzed"":true}","145042","/BRY0R7+ZWsi1yNZGahdrA==","2020-03-24 10:50:04"
"88","wNZGdAibmDzybUTgCmagVF4R","webbourgeoiis2.jpg","image/jpeg","{""identified"":true,""width"":562,""height"":546,""analyzed"":true}","145042","/BRY0R7+ZWsi1yNZGahdrA==","2020-03-24 10:50:04"
"89","ndvDAnRrNQB4haTRM44Cfyuz","web個展裸の花金具1.jpg","image/jpeg","{""identified"":true,""width"":1000,""height"":1500,""analyzed"":true}","168624","kU5yeU2X/fhSnvdBgTRnog==","2020-03-24 10:59:31"
"90","fzrE6FCEEwGGY75y3T81vUwS","web個展裸の花金具1.jpg","image/jpeg","{""identified"":true,""width"":1000,""height"":1500,""analyzed"":true}","168624","kU5yeU2X/fhSnvdBgTRnog==","2020-03-24 10:59:31"
"91","nzMijiQ1NQf5FFJSkdduyFVa","web個展裸の花金具2.jpg","image/jpeg","{""identified"":true,""width"":1000,""height"":1500,""analyzed"":true}","183537","ogcjx2KYo2vry9ec3vCsiw==","2020-03-24 11:02:01"
"92","hVu96otBRgfthKa7zveAxZjd","web個展裸の花金具2.jpg","image/jpeg","{""identified"":true,""width"":1000,""height"":1500,""analyzed"":true}","183537","ogcjx2KYo2vry9ec3vCsiw==","2020-03-24 11:02:01"
"93","7fbHngsq2wN8oAcgTKLEBvk6","web個展裸の花カトレア.jpg","image/jpeg","{""identified"":true,""width"":1000,""height"":1500,""analyzed"":true}","137980","ZRHaDxdlPAUODFahGv8AVA==","2020-03-24 11:03:51"
"94","rPGMRoxECWwe4Z86qrF8Ca6J","web個展裸の花カトレア.jpg","image/jpeg","{""identified"":true,""width"":1000,""height"":1500,""analyzed"":true}","137980","ZRHaDxdlPAUODFahGv8AVA==","2020-03-24 11:03:51"
"95","6ErpmxTMWDfLCBYGhyRGe3vz","web個展裸の花桜.jpg","image/jpeg","{""identified"":true,""width"":1000,""height"":1500,""analyzed"":true}","161802","fSP358eNUnYLtR8Ymf/0kw==","2020-03-24 11:07:21"
"96","fhEXPcKgKSaVyfLMjbopK866","web個展裸の花桜.jpg","image/jpeg","{""identified"":true,""width"":1000,""height"":1500,""analyzed"":true}","161802","fSP358eNUnYLtR8Ymf/0kw==","2020-03-24 11:07:21"
"97","qwskhgTSBKEPwHwha9PMaL8J","web裸の花1.jpg","image/jpeg","{""identified"":true,""width"":567,""height"":505,""analyzed"":true}","296099","Mj9laowH2TQ8u+avdNwi6g==","2020-03-25 07:09:00"
"98","Y6sQGMe6iVyjzHaYBu7CZx1j","web裸の花1.jpg","image/jpeg","{""identified"":true,""width"":567,""height"":505,""analyzed"":true}","296099","Mj9laowH2TQ8u+avdNwi6g==","2020-03-25 07:09:00"
"99","XNDKzkqXSboq8hs3qhAjAcHL","webディティール.jpg","image/jpeg","{""identified"":true,""width"":567,""height"":378,""analyzed"":true}","233358","n7QHa5e3osC9iqpDbLK6AA==","2020-03-25 07:09:00"
"100","izdY2jcMX6CBKshnLaMd8Mpe","web裸の花　後ろ.jpg","image/jpeg","{""identified"":true,""width"":567,""height"":421,""analyzed"":true}","265861","8OXlnWUAokqB8hsqxzavYw==","2020-03-25 07:09:00"
"101","2eCY38ZqvLAjKHGZvhL4retk","webkumapakira1.jpg","image/jpeg","{""identified"":true,""width"":1000,""height"":1451,""analyzed"":true}","270201","EKGQJwwXZOptS4XDUAMAcw==","2020-03-25 08:54:12"
"102","qLhjwUVjnaJUs35aHLoEefrM","webkumapakira1.jpg","image/jpeg","{""identified"":true,""width"":1000,""height"":1451,""analyzed"":true}","270201","EKGQJwwXZOptS4XDUAMAcw==","2020-03-25 08:54:12"
"103","ULRhvoB9rtUd9VKopKJc7EvE","webkumapakira2.jpg","image/jpeg","{""identified"":true,""width"":1000,""height"":1500,""analyzed"":true}","252994","P8w+0kRbH6lU00m2EUCNZQ==","2020-03-25 08:54:12"
"104","yoYAd3GHdc58RGx6pGT95JeX","webkumapakira3.jpg","image/jpeg","{""identified"":true,""width"":1000,""height"":1500,""analyzed"":true}","273772","i3yvQ1F3FVNYOQHZjMMe9w==","2020-03-25 08:54:12"
"105","JBx8LHR9eMpzEVLxYEct9xjX","webkumaashi1.jpg","image/jpeg","{""identified"":true,""width"":1000,""height"":680,""analyzed"":true}","119868","0DrbySsgOFeFa99JGCxAfA==","2020-03-25 08:55:54"
"106","AaBvYsaTmSGivohN5QM3djbs","webkumaashi1.jpg","image/jpeg","{""identified"":true,""width"":1000,""height"":680,""analyzed"":true}","119868","0DrbySsgOFeFa99JGCxAfA==","2020-03-25 08:55:54"
"107","kvgB8tPuJf4p4vnisAV7mo55","webkumaashi2.jpg","image/jpeg","{""identified"":true,""width"":1000,""height"":667,""analyzed"":true}","124735","o9yjS5YOU3ne9+tlAsGntw==","2020-03-25 08:55:54"
"108","jaeLwSHASgZYXSCmKk9NKaXH","webkumaw.jpg","image/jpeg","{""identified"":true,""width"":1000,""height"":667,""analyzed"":true}","111873","J/ICcHjyfHj5ybyXOGyskg==","2020-03-25 09:11:33"
"109","cnfVmMrkWCK17QRvh3qbbWgv","web個展全体.jpg","image/jpeg","{""identified"":true,""width"":1000,""height"":667,""analyzed"":true}","87220","qeFHq9Fz9Ch5RqzmbuTtEg==","2020-03-25 09:11:33"
"110","4ZnNX4Xvr6W2i67qavCsUTGX","webkumab.jpg","image/jpeg","{""identified"":true,""width"":1000,""height"":1500,""analyzed"":true}","260197","8y59+DwDkBo7pFb5wMA/0Q==","2020-03-25 09:11:33"
"111","Zs7f7tKQZa8q1JfZgidCdeeu","webkumap.jpg","image/jpeg","{""identified"":true,""width"":1000,""height"":667,""analyzed"":true}","117333","pXWeRA+qUdz8ZwDqPQJqSg==","2020-03-25 09:11:33"
"112","oVLvcRSwTMjBS7hUTV5D5TA7","webkumaw.jpg","image/jpeg","{""identified"":true,""width"":1000,""height"":667,""analyzed"":true}","111873","J/ICcHjyfHj5ybyXOGyskg==","2020-03-25 09:11:33"
"113","5AUrPYNcvcmDwUAWsZVhYk6J","webkumay.jpg","image/jpeg","{""identified"":true,""width"":1000,""height"":1500,""analyzed"":true}","278650","QEXOQSZVigIGnp3afWhI5g==","2020-03-25 09:11:33"
"114","6dUxELejLNZjZ5peKmrWb32N","web木彫りの熊の花1.jpg","image/jpeg","{""identified"":true,""width"":1200,""height"":981,""analyzed"":true}","136051","voWeqNNpmiWj4EopnQNynA==","2020-03-25 09:22:08"
"115","pQbAqY3esbdaaE43xm9HjyfW","web木彫りの熊の花1.jpg","image/jpeg","{""identified"":true,""width"":1200,""height"":981,""analyzed"":true}","136051","voWeqNNpmiWj4EopnQNynA==","2020-03-25 09:22:08"
"116","3spicPRVumUkrjqJ8h1LANrC","webnobody4_1.jpg","image/jpeg","{""identified"":true,""width"":1200,""height"":796,""analyzed"":true}","196402","cvAnCVYWtU3/9bo6BRaOyg==","2020-03-26 02:55:29"
"117","sZk95PN3SH6XBZcNr4qz7zsy","webnobody4_1.jpg","image/jpeg","{""identified"":true,""width"":1200,""height"":796,""analyzed"":true}","196402","cvAnCVYWtU3/9bo6BRaOyg==","2020-03-26 02:55:29"
"118","w51whwTaYCdJhasoP5PJpV2a","webnobody4_2.jpg","image/jpeg","{""identified"":true,""width"":1200,""height"":1810,""analyzed"":true}","559729","Y8ATAtomc+flgKDLjbjFSw==","2020-03-26 02:55:29"
"119","TSvDmTuBHxVfDwweupnGyr82","webnobody4_3.jpg","image/jpeg","{""identified"":true,""width"":1200,""height"":796,""analyzed"":true}","224231","HkpMw4el0Kl+rdXLEhySDg==","2020-03-26 02:55:29"
"120","ah5CpffCue9uWpW6oaZ51691","webnobody夢1.jpg","image/jpeg","{""identified"":true,""width"":1200,""height"":800,""analyzed"":true}","292655","6bjTAJdZdXFOX4w97XCiVQ==","2020-03-26 02:57:23"
"121","9TjRsPLhAGN4rAbbkyFa1x4L","webnobody夢1.jpg","image/jpeg","{""identified"":true,""width"":1200,""height"":800,""analyzed"":true}","292655","6bjTAJdZdXFOX4w97XCiVQ==","2020-03-26 02:57:23"
"122","VKg1buLt6DL5pPwR42XWGiHa","webnobody夢2.jpg","image/jpeg","{""identified"":true,""width"":1200,""height"":1800,""analyzed"":true}","146265","opzr59pU8hNphVeaOSDKAQ==","2020-03-26 02:57:23"
"123","hxXWqiSEzzDJtHMuDiqbtgiG","webnobody呼吸1.jpg","image/jpeg","{""identified"":true,""width"":1000,""height"":1333,""analyzed"":true}","269102","abP7VQTfJX6KKsX77vRcYQ==","2020-03-26 02:59:18"
"124","ykKn1isG6HovspD3ixrBNCyr","webnobody呼吸1.jpg","image/jpeg","{""identified"":true,""width"":1000,""height"":1333,""analyzed"":true}","269102","abP7VQTfJX6KKsX77vRcYQ==","2020-03-26 02:59:18"
"125","x7SbTcq5fCYuC649xmVD4E7a","webnobody呼吸2.jpg","image/jpeg","{""identified"":true,""width"":1200,""height"":1600,""analyzed"":true}","358932","rL+oAIG8GHSaFeKoD8qNfQ==","2020-03-26 02:59:18"
"126","MxKbp3fGm7BYTq1MyVbD1goQ","webnobodynowhere.jpg","image/jpeg","{""identified"":true,""width"":1000,""height"":667,""analyzed"":true}","226428","OLkkkpx0ZIGgoijvI+F+0A==","2020-03-26 03:03:29"
"127","wAKrY2FgHxj9ngbpcGFxF7nG","webnobody2.jpg","image/jpeg","{""identified"":true,""width"":1000,""height"":1500,""analyzed"":true}","291894","JgaT0gfDnok+F3zoMR7qKQ==","2020-03-26 03:03:29"
"128","urMUsBGShpKg1hMEaEhDo7AE","webnobodyno3.jpg","image/jpeg","{""identified"":true,""width"":1200,""height"":800,""analyzed"":true}","367662","KHxlb8ENJCVVKMr/m22VVg==","2020-03-26 03:03:29"
"129","cf2o9qCpbgGDstzEChRGD8kh","webnobodynowhere.jpg","image/jpeg","{""identified"":true,""width"":1000,""height"":667,""analyzed"":true}","226428","OLkkkpx0ZIGgoijvI+F+0A==","2020-03-26 03:03:29"
"130","fii6vjKXzShZF2EDKP31jkk4","web出口.jpg","image/jpeg","{""identified"":true,""width"":1200,""height"":1800,""analyzed"":true}","356045","73oo1FjeuXfuZhH7kWYMAA==","2020-03-26 03:57:32"
"131","9oBG83rnbtijmuu81Tur9fCC","webnakanojo1.jpg","image/jpeg","{""identified"":true,""width"":1200,""height"":800,""analyzed"":true}","181522","oR01kXQUWqHNgQkn6xwuKg==","2020-03-26 03:57:32"
"132","DS8rX1j6uDxZLBt8NLnzmFTM","webnakanojo2.jpg","image/jpeg","{""identified"":true,""width"":1000,""height"":667,""analyzed"":true}","130326","bcqeyH3qG1868goelxQK/g==","2020-03-26 03:57:32"
"133","8GtwnyGadiyf7a98kfktbdPd","webnakanojo3.jpg","image/jpeg","{""identified"":true,""width"":1200,""height"":1800,""analyzed"":true}","411066","7N+tSeLazxWZxkocJRJz+A==","2020-03-26 03:57:32"
"134","pRjEHdTceZaW9u59waMwmwQN","webnakanojo4.jpg","image/jpeg","{""identified"":true,""width"":1134,""height"":756,""analyzed"":true}","283332","tSdPZiRbCoGMSomzmaXTdA==","2020-03-26 03:57:32"
"135","6PyTdwLfike2b3pR9pNjrHs5","webnakanojo5.jpg","image/jpeg","{""identified"":true,""width"":1134,""height"":756,""analyzed"":true}","369662","CDSZG8va0SXYwWd6f7TlmQ==","2020-03-26 03:57:32"
"136","AybDY851cEBJKbxT75TJJuv6","webnakanojo6.jpg","image/jpeg","{""identified"":true,""width"":567,""height"":850,""analyzed"":true}","211409","Cnxl93qayGUXm9TgxxPFCw==","2020-03-26 03:57:32"
"137","mumx1Lybymf1pHyiiyqLb2ZG","web出口.jpg","image/jpeg","{""identified"":true,""width"":1200,""height"":1800,""analyzed"":true}","356045","73oo1FjeuXfuZhH7kWYMAA==","2020-03-26 03:57:32"
"138","JKTLjsZ181zAtTXqNfmpDn2d","webhanare2.jpg","image/jpeg","{""identified"":true,""width"":1200,""height"":1009,""analyzed"":true}","334396","8DPij8kwj/0LjnofXxnesg==","2020-03-26 03:59:27"
"139","B3puL2QFaYy28rz9AeMVWNAY","webhanare1.jpg","image/jpeg","{""identified"":true,""width"":1200,""height"":1800,""analyzed"":true}","279805","xxVsX0HpLc9hrracYuUrow==","2020-03-26 03:59:27"
"140","8RezexkD4gVERtFjPpje1BSR","webhanare2.jpg","image/jpeg","{""identified"":true,""width"":1200,""height"":1009,""analyzed"":true}","334396","8DPij8kwj/0LjnofXxnesg==","2020-03-26 03:59:27"
"141","sys3BkdB3shgXDkpxNKAMoKF","webhanare3.jpg","image/jpeg","{""identified"":true,""width"":1200,""height"":1475,""analyzed"":true}","430885","1UfQPafVfIIacTVLuZZh4w==","2020-03-26 03:59:27"
"142","1gJWgEgB3e1LKf64HYhc4FZN","webhanare4.jpg","image/jpeg","{""identified"":true,""width"":1200,""height"":1800,""analyzed"":true}","295155","QUG5OKVCnbRWahc3E7Vxnw==","2020-03-26 03:59:27"
"143","NhBYJTeFSNZxftgu92Ati4e3","webならいの標本.jpg","image/jpeg","{""identified"":true,""width"":1200,""height"":1881,""analyzed"":true}","447629","zTNhAICrEaB2AFwiAi0MiA==","2020-03-26 04:00:41"
"144","6hKog4P22eVRKCvjoXfmkQVD","webならいの標本.jpg","image/jpeg","{""identified"":true,""width"":1200,""height"":1881,""analyzed"":true}","447629","zTNhAICrEaB2AFwiAi0MiA==","2020-03-26 04:00:41"
